{"cameraMode":{"drawMode":0,"name":"Shaded","section":"Shading Mode"},"sceneLighting":false,"audioPlay":false,"sceneViewState":{"m_AlwaysRefresh":false,"showFog":true,"showSkybox":false,"showFlares":true,"showImageEffects":true,"showParticleSystems":true,"showVisualEffectGraphs":true,"m_FxEnabled":true},"in2DMode":false,"pivot":{"x":1.0779407024383546,"y":-1.8431117534637452,"z":-1.1768293380737305},"rotation":{"x":0.33188101649284365,"y":0.02263674885034561,"z":-0.007966659963130951,"w":0.9430166482925415},"size":4.130072593688965,"orthographic":false}